id,label
19486479,KernelPRBot
2901442,ajdlinux
3307781,daxtens
26198477,mufeedvh
1086734,fengguang
1024025,torvalds
27009,mrchapp
264346,Noltari
204006,heftig
613036,lag-linaro
682372,fifteenhex
1926903,TarAldarion
53961228,nbhume
47164635,Harikrishnan0709
62199358,DTM18370446425
20342460,NelsonGomesNeto
28480705,MichaIng
31614753,liaoguilin
49829186,Ixomnia
77920609,TomasSt365
40900197,piexpie
9165736,laserjobs
15346503,sparshrestha
36815894,lafeo
40642673,gkunal7691
65741086,sonkajarvi
6553738,daTokenizer
25198629,stevenvw1973
55587300,hushianasan
9911428,D0ms3y
9529505,EliasKotlyar
11439355,usstq
2156363,Vudentz
4419588,marcschuler
31144462,ishanrai05
45676539,tman904
41230766,berkant
50067581,AidenLei
30953337,pritam-mukherjee
33325154,0neGal
46083,metux
13552004,jobs-git
494077,craigbarnes
2313277,wenhuizhang
36085822,Error-Undefined
19844560,JamesTheHacker
55301516,aUniqueUser
46399411,benclarkk
45898787,chaziz94
52986010,dipshit
50374560,StackNeverFlow
69485115,DamieFC
29548495,gtrentalancia
58766628,achantask
3303231,joshld
5637090,ruscur
26004054,ammarfaizi2
13502,esmil
319227,chentschel
38056175,TIBTHINK
23298480,YohananDiamond
7579988,Ippo343
16050377,MCRusher
4337528,flmontpetit
27768313,sebastiangug
3837873,leijurv
23106652,32th-System
31631330,thomtl
20155479,Friz64
9446588,fdrobidoux
18222134,DasEtwas
28680078,keur
47814789,ahellbach
1707721,efskap
8846211,piedoom
30818918,MaxwellCody
23464269,Codfish246
43395286,BlueAmulet
39759284,zorbyte
42466980,po5
2977353,connorshea
913957,nyanpasu64
40243009,sparskakyl
19274317,N2D4
43498307,halides1
8942499,armcburney
15373020,scseanchow
18248481,prayashm97
15653282,saikatharryc
187822,GautamGupta
28344466,whtswrng
32895092,Jannusch
37272925,Phalelashvili
26823011,ricglz
54106843,tanamaroby
16440123,rockmanvnx6
9055029,russellkan
16010076,erickzhao
27847622,johnnyhuy
51766227,hcaeryks
28608203,thevalo
725557,petterroea
15128509,AndreasJJ
20886076,tameeshB
34020691,dmohazab
40854260,MCUmbrella
29870961,aurxenon
34204380,dexterleng
37485450,Ov3rControl
33250648,Salemmous
26625508,matheusochi
10324678,norkko
22271977,Exploder98
15584994,haze
24498517,nojusr
35181949,belohnung
19535809,jharrilim
25884226,char
19848162,myerfire
27660514,mental32
12981608,serebit
3462541,Margen67
15317421,ActualMandM
12688256,NetyashaRoozi
32694765,djoksimo
16998893,jonelzape
25369635,keyroii
36951064,JushBJJ
37848284,AbgarSim
49758124,mrmegapolys
6241921,cand126
20860869,AshrafBasry
45388152,theMatthes
7422724,ThePinkPanther
984244,BasicBeluga
962329,BrianOstrander
20709310,vgarleanu
38769597,praveen-li
47477982,NithinSGowda
2766732,commodo
47444537,gurpreetsahni
55844307,UpgradeDenied
12239635,moi238
132835,samueldr
1125072,morbidrsa
42177808,thekapilkhandelwal
28424828,Arjitc12
46654987,SpringerJack
284931,damentz
7741236,jackpot51
35963992,imsahil007
54992097,Chaitanya31612
12266957,joycebruce
51042590,DrPepperMD
717807,mztriz
26168871,Sanjit1
46384291,KotwalNikhil
2571823,schnitzeltony
13797802,Rezzonics
22151399,dolby360
33261930,JaanJah
10087738,anton-bot
35408721,salif
6584414,vinay-kumar-d
1306620,yasaricli
29505620,wackbyte
24528884,pelletier197
55793471,Kumaresan2002
44061647,JackyTea
18170545,ArthurAttout
17382946,ryahpalma
30349623,BensonMachine
27381,ralyodio
45698918,nonetrix
15975922,fauzipadlaw
103267,mezgani
52561077,InsDel2113
6721355,grepsedawk
15998848,nandavelugoti
7532569,kapehh-karen
16086319,cristian-programmer
197793,idosch
230946,teknoraver
1728059,tobetter
55290821,Jerkim007
48604425,Gurseerit
24803881,wxjstz
5613295,ohld
3804316,redyoshi49q
244565,jsarenik
51261475,admiral-thrawn
55153075,xwolfi
38843657,JL2210
8902868,SauloAlessandre
49594490,Redo11
35712777,MrMe42
10627668,hg-pyun
17908134,SamHannat
38050609,patoacriano
5950085,alexalok
31152346,ruidazeng
32806376,crabasa
23314126,michelreifenrath
7304788,a7madM
10137,ghost
22123939,LapplandsCohan
23656058,xianfengting
42891941,Vili1
33572050,swissbyte
26218816,kalicatmix
19504197,shaswata56
6733660,hbina
25933600,atorgue
9497724,trilean
73573,0lvin
17126035,danyconnect
1827920,codekipper
18066159,XuZhongCN
43928273,JohnCramer66
29941650,metelik
89484,cdleonard
35024212,Sup0rsonic
18744740,gzimh
49504800,nameless1337
13009416,kevokk
38679561,AlexanderTheGreat
32143268,asinghvi17
8030067,leonardomso
5177808,AaronRobson
4433153,forresthopkinsa
31022056,MarvinJWendt
1263262,JuDelCo
27088630,LEARAX
49923767,tattooman2000
16766726,rosariopfernandes
41116859,nickname32
2943218,AlaaAttya
5255002,houwentaoff
42700979,crazykunal
48169322,coderYemchuk
686843,jmarcher
24869337,plucky-groove3
4584655,b1tninja
43680900,idlmn
44228057,khode-mohsen
6566982,MilesBHuff
7875479,shenyaocn
52197,luckyluke
42970805,Avanishka
8113421,repojohnray
23387932,reavessm
5282876,dcui
67049,vbatts
24561824,XUANLANcognition
756501,OzzieOrca
46336537,Brakoman
7947572,atakanyenel
8424799,shaftarger
1149035,plbossart
11374629,khseal
3582289,kingofsin
18631865,mansoorkodungallur
7370,steev
43299519,Colonizor48
8865788,al-caveman
17514799,V0idk
6019113,lieuwex
4140462,roxell
16248316,AshtonSnapp
42606649,SteveHeist
24980901,oussamabouchareb
3488482,felipemullen
12752268,alandoni
21017490,JMP2DIS
12035362,thibmo
4278,avit
1559616,ogryzek
8145060,tenplus1
25889460,CzarD0mn
11582807,jason-oliveira
35892409,bmeh
5868356,konstantin90s
1092613,technic
25325598,navarobot
845098,Alcamech
58688,PaulReiber
2161727,shcgit
1310978,likema
15079163,alaahl
2149253,vDorst
4977445,jimcat
16576224,Ilia1
38152370,YQ93
30383469,Mike7Chu
8358938,shustinm
16745500,vanyakosmos
456479,nhammond101
31844379,beni-sandu
919099,qg0
8533113,komali2
1462701,PierreRambaud
2525002,JasonShin
23306616,muralivijay
20373479,masthisis
8203898,ivanstepanovftw
82115,jimc
40785103,betrr
42113446,jackm9367
10261223,Jason2031
6118770,keonjeo
15853469,psyborg55
39814207,pull[bot]
2170971,johnhubbard
20663868,Insei
90115,chombourger
28990958,pebeto
849144,ctwoprod
40652892,zrlw
19979955,kapitanf
42657523,negrumanuel
3385642,mesemus
43960572,gtdorin
33601,davaeron
3021283,cmiguelcabral
15704414,debiangamer
44664327,eledhil
37016479,ailefun
816900,seanyoung
7199340,dffr
31514790,ValZapod
47574923,rukie78
47622347,giorgijag
1610049,bademux
1455397,tcmaps
55835054,luis52627
19250787,ArtemOSDev
29715808,MWGuy
949494,headdetect
21286338,liuzhiping1
5309862,mydongistiny
21038421,Leo-Mu
9438697,EmreKp
28669092,dylanchu
10595480,jjnetcn
35383002,Audition-CSBlock
22702504,martikyan
8278802,huangzonghao
509363,frostyfrog
32284796,SneakyFish5
10509113,libinyang
3942047,atishp04
4139050,geertu
3744827,kvishnivetsky
313253,erig0
31215,megous
25945696,ShivajiReddy
8522129,rgushchin
10425763,krzk
5307244,webghostx
69120,kwadrat
8360148,mickpf
10361870,katattakd
1279306,thehajime
1054456,ojeda
8279344,mshingote
426786,Decatf
1072356,hjl-tools
8703742,mengdonglin
1272816,hnaz
1798621,sodar
17505288,damienfamed75
16685059,pfink-christ
1245341,oliv3r
1175567,xen0n
133040,roadrunner2
1547205,davidhildenbrand
32757270,kathryntolsen
20379978,ciscoxll
96081,krnowak
19545844,aslamanver
9591680,elicec
4555064,guylamar2006
1044841,fabioestevam
22257656,SweatingEgg
36765842,PaolomaldiniI
39945651,RanderWang
33770074,fmmedeiros
660663,cdown
184632,upa
2252355,jeanCarloMachado
11991709,ronlaws86
23494278,foxconn-bmc-ks
1379865,dm0-
10442915,Emerald-Phoenix
2430836,bdrehmer
912574,andersson
1505531,ubbn
2601727,l1k
830015,krtkr
12472556,10ne1
1571330,jan-kiszka
35342700,jnettlet
591239,ndreys
3594095,skrishnakar
26989345,cythe
16038284,htot
31109774,Mandroide
32183775,aaron61
30810402,arnavb
3995472,ddiss
27816594,mihir3445
16174596,tongjinlv
9349287,sasairc
5624721,lopsided98
1887149,joe4379
22560995,open-mesh-syncer
18535971,sean-jc
11483,marcb
7660233,pascalhuerst
20514988,Ole2mail
24998514,mohamedalrshah
16274106,sohu0106
1819403,bzolnier
1484883,vstehle
8014652,ahmedradaideh
8227101,scafroglia93
1041494,woodsts
11478138,nathanchance
12457244,mostafa-z
25606606,freak07
13348378,msfjarvis
24299109,RiteshSaxena
25769589,bibahR
23569664,Adesh15
18356159,Myst3rion09
27328745,faiyazsheth
25124278,DD3Boh
23639345,DirtyUnicorn
3707102,BoredOutOfMyGit
911750,eoghan2t9
27853094,manikchathli
8145321,acuicultor
1053730,popcornmix
4092800,miraclestars
7988338,nikhil18
10119037,akhilnarang
16946825,therootlord
26440429,YaroST12
12984845,SubhrajyotiSen
24492250,CarbonGerritBot
25278512,Alx31
23462814,xosgerrit
1249923,Fagyi
17362100,yarpiin
29300929,DennySPB
224694,walbon
17537946,Vimalraj1
13438282,Shoaib0597
729436,Whissi
6459363,M-Bab
13603567,lordarcadius
25148705,Subhaam
4216993,nickdoherty81
5009268,syphyr
745725,pgwipeout
6287592,ahmetilgin
9343089,kylelamse
11600822,ItzLevvie
16263611,Blaze349
8315136,dadur604
29165304,rxdn
13597222,Jonathan50
14551392,mmakdis
12650088,jpitchardu
16862263,iamsubhranil
4469126,dschwartz783
2743562,PeterAlfonsLoch
11188939,iamunknown2
24215006,hanss314
6960172,vusonhust
7273696,numbqq
19672214,ryoung9550
15845873,m0x23
8301262,tilda
7949357,lgyjg
10180857,nhooyr
24550634,SharpOB
7487072,vijunag
3434300,TheBITLINK
8154511,ooploopl-
5347038,Salakar
14230395,windlessStorm
14209781,joshuarli
16299826,sdfgsdfgd
2074322,alexozer
105278,linus
10380125,Wiciaki
12540244,nicholasyau
4513710,christophersacchi
10290836,dragonGR
6035884,codebam
18464885,sovietspaceship
5103549,jamierocks
19519588,GolfingSuccess
1394151,cannap
30191661,Mikotochan
8407510,startas
1332975,wongmjane
1661633,etjossem
6048348,napstr
1017581,mariorodriguespt
522465,jcdickinson
245131,revmischa
338179,AndrewBelt
794601,iqbalhasnan
80980,austinheap
10632,goatslacker
1056546,kryptogeist
727104,OpenCoderX
3717689,miguel550
529003,Xe
3387013,ErikMcClure
1775913,bhalash
10561925,mhussaincov
375762,sxua
1562849,fqlx
152165,nmani
4753746,lawonga
809118,andrewshatnyy
1127365,rafaelreinert
7376720,iagoborges
3837797,drewcassidy
11743786,banjoman
7669898,spacekookie
2685846,sgunadhya
559096,wrmsr
9143435,Cis112233
3193344,CodinCat
196477,f
993923,MarkoShiva
1687805,eemirtekin
2557098,BrkSe
12128119,abdvel
12304644,dougmcmillan
759656,dimixar
263224,lodnert
1245785,greenboxal
8906164,antonpaquin
7689512,emr
2969228,vardium
5755154,pvtmert
976436,yasar11732
8991740,Raymonf
11027199,hello2t
7347513,baoziv587
1628934,hellolilei
21078943,elangx
2050207,louis-she
1961145,sicusa
6786013,Jiavan
5968383,TwoAnts
11599075,Alkeryn
4773701,xiaozhuai
168310,passionke
699636,aisk
337728,devunt
6632996,yammine
6587734,AntiMoron
3335929,francisfsjiang
1251700,toiiggww
6182106,irfan798
3931233,zhukejin
2139908,chinalichen
5114287,Gabrielxinxin
987524,lambdaq
17978914,Schummacher
11007732,acyouzi
6309392,gcaaa31928
1236332,cyberplant
3537856,sendz
22493186,ejunjsh
2532862,muslih
5311091,adamyi
11875056,PaulWang1905
22428475,vectr0101
236058,liuchong
28842650,liushengxi13689209566
877376,ixalender
11170802,YangXuran
7605307,eamanu
5958912,halfer53
10444196,codekissyoung
12877905,rvolosatovs
22456127,jordanwilson230
5243774,ngot
14315968,C0D3D3V
2430853,aixasz
1227774,OpakAlex
19776417,tceduard
30247185,cthpw103
22654782,solelysol
14269809,codenoid
9412996,gwx324
16443184,Wittmaxi
1370930,kvmaker
19938179,toloveru
2114187,agungyuliaji
7285065,lby1992
20091073,cumakeen
16866642,Serkan-devel
17346610,concerttttt
16303732,dodona2
253634,shreve
3286092,LKI
24700571,Souhardya
2253237,kevingil
379322,Incognito
19597269,HKGx
32410282,SirYummy
24679987,TheSecureTux
17230826,akarshanbiswas
15200079,olivatooo
17097245,GarethPW
6795505,DaviesX
5139165,RaidAndFade
24394834,knstn-project
23570,est
4593679,Kefta
18648043,chessai
321552,davr
2757700,oguzalb
22527529,domrachev-insegment
8710787,larshb
29927189,Xaleth
2192274,TheAifam5
207355,shenki
22132944,shubham1172
8907660,shabanzo
12454473,alldiezzz
251794,chewitt
22715608,d-spiridonov
1721189,ChemicalRascal
35721712,abdullahzameek
1332071,Geolim4
11861020,sam-spain
6122787,pgarig
42904289,rithwik-p
16176259,arvinep
2990539,albertlinde
16738302,Haxk20
4065244,nbdd0121
10267251,DaanDW
123778,t2000
54119,mpe
7888459,davidzhang0o0
29810705,neosformpeople
22025908,igoropaniuk
12717,iwamatsu
26345330,DrShadow34
853754,TheSven73
7564876,AmirAbrams
685656,cyborg-x1
96200,Mic92
660812,ddstreet
20221314,sergej-proskurin
21340124,dhruvka
17174006,shangbinyang
28366916,jangraczyk
1729844,kdave
6148850,coreosbot
3894008,gctucker
10444872,RealMG
4129208,pipcet
1138828,snajpa
2234924,iluminat23
27746761,ngalbo
131371,amery
6668759,faxiang1230
16929604,bgly
26654212,Kittybangers
19683346,hustmsell
660126,roidayan
15171633,Sholes
16130147,yankunsam
545298,arminn
24764717,RazManor
9250896,getsadzeg
17756271,FireflyTang
3791941,colossus9
1534882,chrisfinazzo
4124312,jikos
11093811,benlavender
306482,tiwai
10458135,keyonjie
148255,Gnurou
156172,jnavila
9554318,a1d3s
4529709,kernelOfTruth
7549136,lenovouser
10241041,irogerthat
4307374,itmoba
8023543,turbo
2844427,rogerq
125671,laijs
3179261,zehortigoza
734116,t3hknr
3768500,z3ntu
1049830,avagin
498272,mfischer
229447,intersectRaven
49158536,staging-kernelci-org
5276126,fuzun
17684,kakra
10613647,ceesvw123
18743742,DmitryHetman
4960948,CodeFetch
13295647,zourongrong
5355197,PommyGit
3743495,gregv21v
18156810,shayneoAtNorwood
1047950,dtor
1320500,adityaxavier
1637589,awaismasood
1737484,krajcovic
228803,malaterre
12607959,vikaskyadav
375834,rootqa
6053748,NogradThGin
20252097,SemanShen
4549969,rarbab
1658412,lunn
4442505,kdex
13979103,YangAndWang
29037904,chleroy
357758,carlocaione
2591976,meijjaa
860392,sashalevin
5209781,hanwool26
175912,lianwei
156627,matwey
1243336,joestringer
1200456,Kwiboo
16812734,petrenkoas83
11811900,lidanyang
24862794,frno7
22071282,otyshchenko1
1092617,Rubusch
9846948,FadeMind
6653828,frank-w
763760,kishaningithub
17541596,najsword
3975013,rkojedzinszky
682394,nemunaire
1159312,gabrielesvelto
699160,Blackrose
10456021,ldts
10107118,jogacolhue
78494,hauke
3100847,ancaemanuel
2038973,tombriden
7791193,ldu4
25278,otavio
13019911,zandrey
114209,xzpeter
504130,Zenexer
507686,immibis
88636,hron84
78496,andy-shev
195061,13rac1
3615765,zetalog
5946250,wzyy2
37460,joelagnel
2940537,fbertux
9833865,9577865172
15083221,0day-ci
15807605,jernejsk
411158,dasty
5755302,michaelgeorgeattard
171674,alistair23
9000803,darren-clark
1054045,johnstultz-work
758738,stefansaraev
416815,frantony
675208,mdrjr
443713,vthanki
778765,berolinux
1234642,shr-project
4846670,wataash
19554922,eatradish
503356,merge
14836,PotHix
687313,flarn2006
13997389,nkeck720
6555461,sagarpanchal
14030638,TheTypoMaster
13520387,petr0001
13807027,LuyangLi
2013525,matt-auld
322231,mansr
5946346,GijsWeterings
8866394,jonnysandu
8542502,dikiaap
3369562,charles-park
7450443,Arzte
4745685,kopstill
9192489,songxinqiang
3468890,loadingvx
1911620,wangrenjun
10937631,MingxuanChen
8923413,choleraehyq
11387611,0x2b3bfa0
5611239,Jaykay-x
18637832,zykNet
154697,morimoto
20333975,KhiemNguyenT
6566927,mchehab
29598022,mishuang2017
1607109,ecnepsnai
498974,martinezjavier
378762,nhoriguchi
2332740,bjzhang
18303987,nareshkamboju
3054312,nvertigo
25910608,byteporter
5102713,xdarklight
1715947,rrnayak
91895,plaes
434333,djdeath
2532225,wzab
1184731,curro
58931401,Kaz205
2699235,0xAX
4132009,ahmgeek
3686626,anio
624770,marctmiller
15316328,chensihao1
7981735,docularxu
6204206,xin3liang
488555,kaspter
37305543,saiprakash-ranjan
6970250,huntergregal
1961699,rumpelsepp
2978275,thierryreding
10670399,steils
2716498,Mellnik
8190291,aaronrush
246380,nitrix
1807142,joshumax
10950478,XingZheZ
2876745,KISSMonX
8342757,pstglia
66832,dormando
659425,Elizafox
147565,tylerwhall
89133,rzr
426506,koct9i
3629725,norov
1821746,keryell
1110044,ffainelli
1254783,simar7
539708,tklauser
5568751,septyaman
521432,rsalveti
90903,mlyle
465279,kraj
5840290,CallMeFoxie
507354,iaguis
981645,theopolis
942324,olafhering
1305966,fpoussin
1916566,JonathonReinhart
1268590,captainepoch
23088,robbyoconnor
8634526,feroldi
1711069,parrotgeek1
781636,masahir0y
11212690,Leo-Yan
1561716,vjiki
5200596,chrillomat
3137284,madisongh
6205797,c0d3z3r0
115961,mikey
4698304,1800alex
643001,mmind
1472281,chandanr
106304,zonque
9110387,Manciukic
1588010,EctoCosmonaut
2136776,CkNoSFeRaTU
21337356,vinceab
11898572,PraveenPenguin
191204,vpelletier
4965052,xairy
6012231,frankcash
142835,julienchauveau
959055,jmarcet
208160,swarren
1099158,aryabinin
400091,tom3q
110632,bengal
143964,raedwulf
5647451,hubcapsc
2492160,apxii
3981296,hitmoon
6239381,invicnaper
7745427,kjenova
7749160,chest-rockwell
5660481,JoonsooKim
1110841,kees
1435763,wens
1779967,changbindu
1866657,geoffreybennett
6643069,jason-mckinney
35042384,jmhull
321273,da-x
2222771,shr-buildhost
5275378,prakashpks15
814760,sr105
154330,cyndis
175019,redbrain17
7032,anatol
239485,bdrung
3823936,AnTAVR
534660,hzhuang1
12188681,jdenson12
1158172,intelfx
1209787,congwang
368994,donhiatt
17001771,qmonnet
5619473,Puneeth-n
1308879,MidnightJanitor
984191,these-are-not-the-droids
1331614,kzlin129
3874213,urjaman
8235,jaedon
2970165,kiteflyingmonkey
1143061,ndyer
5932502,zhiyb
526664,fuzeman
43848,ynezz
1407733,heiher
44008055,ricardosalveti
3173176,slimsag
33516757,LalanaChami
3678707,mkopec
3954563,hamadmarri
2029971,antonblanchard
5489173,diaevd
4378284,showliu
7334750,vchong
827874,andr2000
7383017,aleksander0m
4074767,fourkbomb
63746,derkling
136878,yahuarkuntur
735291,skx
1029403,tmlind
25557007,jchandra-cavm
15775618,davidgibsonadi
583633,cianmcgovern
4586373,gregnietsky
13888436,montjoie
7589276,kimphill
45052332,carlomigueldy
2086832,hardkernel
259525,koenkooi
1210679,jlelli
1210795,zeitgeist87
737984,kszaq
801988,eliaskousk
3035868,Minecrell
721211,mwalle
39372,DestroyFX
1173955,mitake
73280,aejsmith
349209,kuscsik
2482375,alexandrebelloni
1288942,ystk
701506,laodzu
1634206,noamc
107466,paulyc
22817873,n0emis
1236452,mcoffin
450331,amcduffee
292522,greearb
856316,snnn
3682206,osandov
5782626,farosas
1018479,johnweber
903754,zehome
5292803,TechNexion
5243410,wandboard-org
861116,elp
8514718,dabrace
1441474,alfonsotames
341467,gthelen
46256,arunthomas
1071125,dledford
4749685,quinte17
756023,huangrui
402813,cbrake
889488,tositrino
3427578,cristicc
2965423,SergMir
35375271,lrumancik
598259,scosu
1092625,baerwolf
14943,jonsmirl
140865,prahal
32001477,TaichiKageyama
33543,jamagin
3750108,n-aizu
1016397,nathanrossi
8288195,jforissier
